year,scope,region,mode,moran_I
2010,regional,BRA,region,0.369
2010,regional,CAN,region,0.742
2010,regional,CHN,region,0.25
2010,regional,CIS,region,0.502
2010,regional,IND,region,0.416
2010,regional,JPN,region,
2010,regional,TUR,region,0.669
2010,regional,USA,region,0.412
2010,regional,XAF,region,0.668
2010,regional,XE25,region,0.464
2010,regional,XER,region,0.491
2010,regional,XLM,region,0.0
2010,regional,XME,region,0.525
2010,regional,XNF,region,-0.0
2010,regional,XOC,region,
2010,regional,XSA,region,0.239
2010,regional,XSE,region,0.389
2010,global,ALL,region,0.598
2020,regional,BRA,region,0.598
2020,regional,CAN,region,0.795
2020,regional,CHN,region,0.268
2020,regional,CIS,region,0.697
2020,regional,IND,region,0.407
2020,regional,JPN,region,
2020,regional,TUR,region,0.527
2020,regional,USA,region,0.081
2020,regional,XAF,region,0.706
2020,regional,XE25,region,0.457
2020,regional,XER,region,0.298
2020,regional,XLM,region,0.166
2020,regional,XME,region,0.44
2020,regional,XNF,region,0.564
2020,regional,XOC,region,
2020,regional,XSA,region,0.219
2020,regional,XSE,region,0.417
2020,global,ALL,region,0.582
2030,regional,BRA,region,0.669
2030,regional,CAN,region,0.602
2030,regional,CHN,region,-0.0
2030,regional,CIS,region,0.237
2030,regional,IND,region,0.474
2030,regional,JPN,region,
2030,regional,TUR,region,0.581
2030,regional,USA,region,0.403
2030,regional,XAF,region,0.331
2030,regional,XE25,region,0.545
2030,regional,XER,region,0.32
2030,regional,XLM,region,0.231
2030,regional,XME,region,0.434
2030,regional,XNF,region,0.026
2030,regional,XOC,region,
2030,regional,XSA,region,0.286
2030,regional,XSE,region,0.093
2030,global,ALL,region,0.441
2040,regional,BRA,region,0.582
2040,regional,CAN,region,0.583
2040,regional,CHN,region,-0.013
2040,regional,CIS,region,0.831
2040,regional,IND,region,0.449
2040,regional,JPN,region,
2040,regional,TUR,region,0.102
2040,regional,USA,region,0.284
2040,regional,XAF,region,0.418
2040,regional,XE25,region,0.099
2040,regional,XER,region,0.184
2040,regional,XLM,region,0.232
2040,regional,XME,region,0.324
2040,regional,XNF,region,0.265
2040,regional,XOC,region,
2040,regional,XSA,region,0.222
2040,regional,XSE,region,0.208
2040,global,ALL,region,0.448
2050,regional,BRA,region,0.494
2050,regional,CAN,region,0.623
2050,regional,CHN,region,0.092
2050,regional,CIS,region,0.248
2050,regional,IND,region,0.209
2050,regional,JPN,region,
2050,regional,TUR,region,0.415
2050,regional,USA,region,0.345
2050,regional,XAF,region,0.436
2050,regional,XE25,region,0.18
2050,regional,XER,region,0.587
2050,regional,XLM,region,
2050,regional,XME,region,0.435
2050,regional,XNF,region,0.297
2050,regional,XOC,region,
2050,regional,XSA,region,0.048
2050,regional,XSE,region,-0.0
2050,global,ALL,region,0.249
2060,regional,BRA,region,0.584
2060,regional,CAN,region,0.661
2060,regional,CHN,region,0.273
2060,regional,CIS,region,0.224
2060,regional,IND,region,0.198
2060,regional,JPN,region,
2060,regional,TUR,region,0.524
2060,regional,USA,region,0.338
2060,regional,XAF,region,0.461
2060,regional,XE25,region,0.222
2060,regional,XER,region,0.314
2060,regional,XLM,region,
2060,regional,XME,region,0.387
2060,regional,XNF,region,0.181
2060,regional,XOC,region,
2060,regional,XSA,region,0.163
2060,regional,XSE,region,-0.0
2060,global,ALL,region,0.255
2070,regional,BRA,region,0.75
2070,regional,CAN,region,0.57
2070,regional,CHN,region,0.312
2070,regional,CIS,region,0.229
2070,regional,IND,region,0.186
2070,regional,JPN,region,
2070,regional,TUR,region,0.641
2070,regional,USA,region,0.385
2070,regional,XAF,region,0.445
2070,regional,XE25,region,0.168
2070,regional,XER,region,0.388
2070,regional,XLM,region,
2070,regional,XME,region,0.486
2070,regional,XNF,region,
2070,regional,XOC,region,
2070,regional,XSA,region,0.174
2070,regional,XSE,region,0.0
2070,global,ALL,region,0.267
2080,regional,BRA,region,0.635
2080,regional,CAN,region,0.44
2080,regional,CHN,region,-0.0
2080,regional,CIS,region,0.22
2080,regional,IND,region,0.144
2080,regional,JPN,region,
2080,regional,TUR,region,0.669
2080,regional,USA,region,0.219
2080,regional,XAF,region,0.281
2080,regional,XE25,region,0.125
2080,regional,XER,region,0.276
2080,regional,XLM,region,-0.0
2080,regional,XME,region,0.213
2080,regional,XNF,region,-0.0
2080,regional,XOC,region,
2080,regional,XSA,region,0.017
2080,regional,XSE,region,0.003
2080,global,ALL,region,0.346
2090,regional,BRA,region,0.553
2090,regional,CAN,region,0.394
2090,regional,CHN,region,
2090,regional,CIS,region,0.162
2090,regional,IND,region,0.279
2090,regional,JPN,region,
2090,regional,TUR,region,0.418
2090,regional,USA,region,0.142
2090,regional,XAF,region,0.413
2090,regional,XE25,region,0.218
2090,regional,XER,region,0.095
2090,regional,XLM,region,-0.0
2090,regional,XME,region,0.072
2090,regional,XNF,region,
2090,regional,XOC,region,
2090,regional,XSA,region,0.087
2090,regional,XSE,region,0.185
2090,global,ALL,region,0.374
2100,regional,BRA,region,0.526
2100,regional,CAN,region,0.233
2100,regional,CHN,region,-0.0
2100,regional,CIS,region,0.134
2100,regional,IND,region,0.37
2100,regional,JPN,region,
2100,regional,TUR,region,0.385
2100,regional,USA,region,0.038
2100,regional,XAF,region,0.338
2100,regional,XE25,region,0.105
2100,regional,XER,region,0.058
2100,regional,XLM,region,-0.0
2100,regional,XME,region,0.383
2100,regional,XNF,region,0.201
2100,regional,XOC,region,
2100,regional,XSA,region,0.02
2100,regional,XSE,region,-0.0
2100,global,ALL,region,0.347
2010,regional,BRA,basin,0.465
2010,regional,CAN,basin,0.716
2010,regional,CHN,basin,0.103
2010,regional,CIS,basin,0.482
2010,regional,IND,basin,0.352
2010,regional,JPN,basin,
2010,regional,TUR,basin,0.44
2010,regional,USA,basin,0.372
2010,regional,XAF,basin,0.353
2010,regional,XE25,basin,0.214
2010,regional,XER,basin,0.282
2010,regional,XLM,basin,0.008
2010,regional,XME,basin,0.21
2010,regional,XNF,basin,-0.0
2010,regional,XOC,basin,
2010,regional,XSA,basin,0.003
2010,regional,XSE,basin,0.393
2010,global,ALL,basin,0.492
2020,regional,BRA,basin,0.512
2020,regional,CAN,basin,0.496
2020,regional,CHN,basin,0.2
2020,regional,CIS,basin,0.436
2020,regional,IND,basin,0.349
2020,regional,JPN,basin,
2020,regional,TUR,basin,0.526
2020,regional,USA,basin,0.271
2020,regional,XAF,basin,0.412
2020,regional,XE25,basin,0.185
2020,regional,XER,basin,0.46
2020,regional,XLM,basin,0.2
2020,regional,XME,basin,0.202
2020,regional,XNF,basin,0.0
2020,regional,XOC,basin,
2020,regional,XSA,basin,0.266
2020,regional,XSE,basin,0.276
2020,global,ALL,basin,0.418
2030,regional,BRA,basin,0.259
2030,regional,CAN,basin,0.462
2030,regional,CHN,basin,0.292
2030,regional,CIS,basin,0.336
2030,regional,IND,basin,0.414
2030,regional,JPN,basin,
2030,regional,TUR,basin,0.603
2030,regional,USA,basin,0.253
2030,regional,XAF,basin,0.349
2030,regional,XE25,basin,0.533
2030,regional,XER,basin,0.233
2030,regional,XLM,basin,-0.0
2030,regional,XME,basin,0.168
2030,regional,XNF,basin,0.112
2030,regional,XOC,basin,
2030,regional,XSA,basin,0.306
2030,regional,XSE,basin,0.455
2030,global,ALL,basin,0.398
2040,regional,BRA,basin,0.297
2040,regional,CAN,basin,0.271
2040,regional,CHN,basin,0.433
2040,regional,CIS,basin,0.269
2040,regional,IND,basin,0.419
2040,regional,JPN,basin,
2040,regional,TUR,basin,0.544
2040,regional,USA,basin,0.404
2040,regional,XAF,basin,0.356
2040,regional,XE25,basin,0.232
2040,regional,XER,basin,0.004
2040,regional,XLM,basin,0.028
2040,regional,XME,basin,0.526
2040,regional,XNF,basin,0.301
2040,regional,XOC,basin,
2040,regional,XSA,basin,0.005
2040,regional,XSE,basin,0.203
2040,global,ALL,basin,0.345
2050,regional,BRA,basin,0.213
2050,regional,CAN,basin,0.232
2050,regional,CHN,basin,0.457
2050,regional,CIS,basin,0.254
2050,regional,IND,basin,0.192
2050,regional,JPN,basin,
2050,regional,TUR,basin,0.385
2050,regional,USA,basin,0.379
2050,regional,XAF,basin,0.34
2050,regional,XE25,basin,0.254
2050,regional,XER,basin,0.105
2050,regional,XLM,basin,0.008
2050,regional,XME,basin,0.11
2050,regional,XNF,basin,0.169
2050,regional,XOC,basin,
2050,regional,XSA,basin,0.0
2050,regional,XSE,basin,-0.0
2050,global,ALL,basin,0.261
2060,regional,BRA,basin,0.229
2060,regional,CAN,basin,0.283
2060,regional,CHN,basin,0.519
2060,regional,CIS,basin,0.212
2060,regional,IND,basin,0.267
2060,regional,JPN,basin,
2060,regional,TUR,basin,0.4
2060,regional,USA,basin,0.383
2060,regional,XAF,basin,0.299
2060,regional,XE25,basin,0.248
2060,regional,XER,basin,0.176
2060,regional,XLM,basin,0.158
2060,regional,XME,basin,0.57
2060,regional,XNF,basin,0.391
2060,regional,XOC,basin,
2060,regional,XSA,basin,0.022
2060,regional,XSE,basin,0.439
2060,global,ALL,basin,0.265
2070,regional,BRA,basin,0.203
2070,regional,CAN,basin,0.224
2070,regional,CHN,basin,0.519
2070,regional,CIS,basin,0.198
2070,regional,IND,basin,0.193
2070,regional,JPN,basin,
2070,regional,TUR,basin,0.43
2070,regional,USA,basin,0.435
2070,regional,XAF,basin,0.278
2070,regional,XE25,basin,0.138
2070,regional,XER,basin,0.085
2070,regional,XLM,basin,-0.0
2070,regional,XME,basin,0.469
2070,regional,XNF,basin,-0.053
2070,regional,XOC,basin,
2070,regional,XSA,basin,0.222
2070,regional,XSE,basin,0.005
2070,global,ALL,basin,0.221
2080,regional,BRA,basin,0.367
2080,regional,CAN,basin,0.182
2080,regional,CHN,basin,0.485
2080,regional,CIS,basin,0.269
2080,regional,IND,basin,0.111
2080,regional,JPN,basin,
2080,regional,TUR,basin,0.188
2080,regional,USA,basin,0.329
2080,regional,XAF,basin,0.324
2080,regional,XE25,basin,0.225
2080,regional,XER,basin,0.102
2080,regional,XLM,basin,-0.0
2080,regional,XME,basin,0.569
2080,regional,XNF,basin,-0.0
2080,regional,XOC,basin,
2080,regional,XSA,basin,0.12
2080,regional,XSE,basin,0.119
2080,global,ALL,basin,0.245
2090,regional,BRA,basin,0.472
2090,regional,CAN,basin,0.097
2090,regional,CHN,basin,0.376
2090,regional,CIS,basin,0.294
2090,regional,IND,basin,0.153
2090,regional,JPN,basin,
2090,regional,TUR,basin,0.348
2090,regional,USA,basin,0.135
2090,regional,XAF,basin,0.602
2090,regional,XE25,basin,0.258
2090,regional,XER,basin,0.261
2090,regional,XLM,basin,0.2
2090,regional,XME,basin,0.294
2090,regional,XNF,basin,-0.001
2090,regional,XOC,basin,
2090,regional,XSA,basin,0.222
2090,regional,XSE,basin,0.311
2090,global,ALL,basin,0.331
2100,regional,BRA,basin,0.411
2100,regional,CAN,basin,0.082
2100,regional,CHN,basin,0.326
2100,regional,CIS,basin,0.276
2100,regional,IND,basin,0.302
2100,regional,JPN,basin,
2100,regional,TUR,basin,0.383
2100,regional,USA,basin,0.049
2100,regional,XAF,basin,0.525
2100,regional,XE25,basin,0.255
2100,regional,XER,basin,0.355
2100,regional,XLM,basin,0.2
2100,regional,XME,basin,0.395
2100,regional,XNF,basin,0.045
2100,regional,XOC,basin,
2100,regional,XSA,basin,0.24
2100,regional,XSE,basin,0.331
2100,global,ALL,basin,0.319
