scenario,region,type,*,year,value
SSP2_BaU_NoCC,XE25,Emi_CO2_AFO,Mt CO2/yr,2005,-245.00987268449495
SSP2_BaU_NoCC,XE25,Emi_CO2_AFO,Mt CO2/yr,2010,-126.19460357737
SSP2_BaU_NoCC,XE25,Emi_CO2_AFO,Mt CO2/yr,2015,-102.70323639740909
SSP2_BaU_NoCC,XE25,Emi_CO2_AFO,Mt CO2/yr,2020,326.3436379733313
SSP2_BaU_NoCC,XE25,Emi_CO2_AFO,Mt CO2/yr,2025,-315.25304720510576
SSP2_BaU_NoCC,XE25,Emi_CO2_AFO,Mt CO2/yr,2030,299.02271958370915
SSP2_BaU_NoCC,XE25,Emi_CO2_AFO,Mt CO2/yr,2040,-266.18856682463695
SSP2_BaU_NoCC,XE25,Emi_CO2_AFO,Mt CO2/yr,2050,-267.9285549873342
SSP2_BaU_NoCC,XE25,Emi_CO2_AFO,Mt CO2/yr,2060,-260.3164264269509
SSP2_BaU_NoCC,XE25,Emi_CO2_AFO,Mt CO2/yr,2070,-278.1372935067428
SSP2_BaU_NoCC,XE25,Emi_CO2_AFO,Mt CO2/yr,2080,-273.05725899286557
SSP2_BaU_NoCC,XE25,Emi_CO2_AFO,Mt CO2/yr,2090,-273.71986633798747
SSP2_BaU_NoCC,XE25,Emi_CO2_AFO,Mt CO2/yr,2100,-277.4730122718301
SSP2_BaU_NoCC,XER,Emi_CO2_AFO,Mt CO2/yr,2005,-92.35277002983281
SSP2_BaU_NoCC,XER,Emi_CO2_AFO,Mt CO2/yr,2010,-80.81422162869576
SSP2_BaU_NoCC,XER,Emi_CO2_AFO,Mt CO2/yr,2015,-54.745964517441884
SSP2_BaU_NoCC,XER,Emi_CO2_AFO,Mt CO2/yr,2020,-49.81351550589203
SSP2_BaU_NoCC,XER,Emi_CO2_AFO,Mt CO2/yr,2025,-90.04008091037997
SSP2_BaU_NoCC,XER,Emi_CO2_AFO,Mt CO2/yr,2030,-31.757996043599718
SSP2_BaU_NoCC,XER,Emi_CO2_AFO,Mt CO2/yr,2040,-86.96799634990073
SSP2_BaU_NoCC,XER,Emi_CO2_AFO,Mt CO2/yr,2050,-89.67669491846281
SSP2_BaU_NoCC,XER,Emi_CO2_AFO,Mt CO2/yr,2060,-93.15367499613822
SSP2_BaU_NoCC,XER,Emi_CO2_AFO,Mt CO2/yr,2070,-93.5598483589819
SSP2_BaU_NoCC,XER,Emi_CO2_AFO,Mt CO2/yr,2080,-93.86881289670998
SSP2_BaU_NoCC,XER,Emi_CO2_AFO,Mt CO2/yr,2090,-92.31167114479466
SSP2_BaU_NoCC,XER,Emi_CO2_AFO,Mt CO2/yr,2100,-83.81801488167335
SSP2_BaU_NoCC,XOC,Emi_CO2_AFO,Mt CO2/yr,2005,-27.480579411117553
SSP2_BaU_NoCC,XOC,Emi_CO2_AFO,Mt CO2/yr,2010,1.5293953657056534
SSP2_BaU_NoCC,XOC,Emi_CO2_AFO,Mt CO2/yr,2015,101.30062858697589
SSP2_BaU_NoCC,XOC,Emi_CO2_AFO,Mt CO2/yr,2020,267.43957203411304
SSP2_BaU_NoCC,XOC,Emi_CO2_AFO,Mt CO2/yr,2025,288.44794148931874
SSP2_BaU_NoCC,XOC,Emi_CO2_AFO,Mt CO2/yr,2030,419.8480678450781
SSP2_BaU_NoCC,XOC,Emi_CO2_AFO,Mt CO2/yr,2040,147.31783203956388
SSP2_BaU_NoCC,XOC,Emi_CO2_AFO,Mt CO2/yr,2050,54.61007135298783
SSP2_BaU_NoCC,XOC,Emi_CO2_AFO,Mt CO2/yr,2060,43.18594275676783
SSP2_BaU_NoCC,XOC,Emi_CO2_AFO,Mt CO2/yr,2070,90.7180617637151
SSP2_BaU_NoCC,XOC,Emi_CO2_AFO,Mt CO2/yr,2080,132.05314888786143
SSP2_BaU_NoCC,XOC,Emi_CO2_AFO,Mt CO2/yr,2090,128.5561321138101
SSP2_BaU_NoCC,XOC,Emi_CO2_AFO,Mt CO2/yr,2100,54.20175127156657
SSP2_BaU_NoCC,XSE,Emi_CO2_AFO,Mt CO2/yr,2005,-560.3397689259607
SSP2_BaU_NoCC,XSE,Emi_CO2_AFO,Mt CO2/yr,2010,393.05964648207714
SSP2_BaU_NoCC,XSE,Emi_CO2_AFO,Mt CO2/yr,2015,217.64039111192062
SSP2_BaU_NoCC,XSE,Emi_CO2_AFO,Mt CO2/yr,2020,163.73789203194985
SSP2_BaU_NoCC,XSE,Emi_CO2_AFO,Mt CO2/yr,2025,-446.36922006470064
SSP2_BaU_NoCC,XSE,Emi_CO2_AFO,Mt CO2/yr,2030,181.85764562523923
SSP2_BaU_NoCC,XSE,Emi_CO2_AFO,Mt CO2/yr,2040,-333.4964772808597
SSP2_BaU_NoCC,XSE,Emi_CO2_AFO,Mt CO2/yr,2050,-442.433502213775
SSP2_BaU_NoCC,XSE,Emi_CO2_AFO,Mt CO2/yr,2060,-416.5568711374181
SSP2_BaU_NoCC,XSE,Emi_CO2_AFO,Mt CO2/yr,2070,-421.4949523436957
SSP2_BaU_NoCC,XSE,Emi_CO2_AFO,Mt CO2/yr,2080,-344.7113584948031
SSP2_BaU_NoCC,XSE,Emi_CO2_AFO,Mt CO2/yr,2090,-366.9420145481209
SSP2_BaU_NoCC,XSE,Emi_CO2_AFO,Mt CO2/yr,2100,-385.7691948648964
SSP2_BaU_NoCC,XSA,Emi_CO2_AFO,Mt CO2/yr,2005,-61.36697426972597
SSP2_BaU_NoCC,XSA,Emi_CO2_AFO,Mt CO2/yr,2010,-18.110000788096748
SSP2_BaU_NoCC,XSA,Emi_CO2_AFO,Mt CO2/yr,2015,-28.32357401985397
SSP2_BaU_NoCC,XSA,Emi_CO2_AFO,Mt CO2/yr,2020,-24.90551744263471
SSP2_BaU_NoCC,XSA,Emi_CO2_AFO,Mt CO2/yr,2025,-24.321518408455198
SSP2_BaU_NoCC,XSA,Emi_CO2_AFO,Mt CO2/yr,2030,22.03614074336157
SSP2_BaU_NoCC,XSA,Emi_CO2_AFO,Mt CO2/yr,2040,-29.158803467033508
SSP2_BaU_NoCC,XSA,Emi_CO2_AFO,Mt CO2/yr,2050,-38.089745573124134
SSP2_BaU_NoCC,XSA,Emi_CO2_AFO,Mt CO2/yr,2060,-41.62843043601334
SSP2_BaU_NoCC,XSA,Emi_CO2_AFO,Mt CO2/yr,2070,-55.05161704294086
SSP2_BaU_NoCC,XSA,Emi_CO2_AFO,Mt CO2/yr,2080,-56.19982444240276
SSP2_BaU_NoCC,XSA,Emi_CO2_AFO,Mt CO2/yr,2090,-59.11931538500672
SSP2_BaU_NoCC,XSA,Emi_CO2_AFO,Mt CO2/yr,2100,-65.73266964932225
SSP2_BaU_NoCC,XLM,Emi_CO2_AFO,Mt CO2/yr,2005,-360.1745339497473
SSP2_BaU_NoCC,XLM,Emi_CO2_AFO,Mt CO2/yr,2010,-44.71926129335293
SSP2_BaU_NoCC,XLM,Emi_CO2_AFO,Mt CO2/yr,2015,-86.03634061315961
SSP2_BaU_NoCC,XLM,Emi_CO2_AFO,Mt CO2/yr,2020,533.386710755336
SSP2_BaU_NoCC,XLM,Emi_CO2_AFO,Mt CO2/yr,2025,-67.84487565030003
SSP2_BaU_NoCC,XLM,Emi_CO2_AFO,Mt CO2/yr,2030,562.7749082756343
SSP2_BaU_NoCC,XLM,Emi_CO2_AFO,Mt CO2/yr,2040,75.0806290990422
SSP2_BaU_NoCC,XLM,Emi_CO2_AFO,Mt CO2/yr,2050,-175.15329447490151
SSP2_BaU_NoCC,XLM,Emi_CO2_AFO,Mt CO2/yr,2060,-246.54175258518558
SSP2_BaU_NoCC,XLM,Emi_CO2_AFO,Mt CO2/yr,2070,-263.1544769177408
SSP2_BaU_NoCC,XLM,Emi_CO2_AFO,Mt CO2/yr,2080,-268.23440475405266
SSP2_BaU_NoCC,XLM,Emi_CO2_AFO,Mt CO2/yr,2090,-289.9869062390134
SSP2_BaU_NoCC,XLM,Emi_CO2_AFO,Mt CO2/yr,2100,-361.60869160868106
SSP2_BaU_NoCC,CIS,Emi_CO2_AFO,Mt CO2/yr,2005,-77.56422920374762
SSP2_BaU_NoCC,CIS,Emi_CO2_AFO,Mt CO2/yr,2010,77.29126292064146
SSP2_BaU_NoCC,CIS,Emi_CO2_AFO,Mt CO2/yr,2015,49.12983697899992
SSP2_BaU_NoCC,CIS,Emi_CO2_AFO,Mt CO2/yr,2020,-8.375425714055623
SSP2_BaU_NoCC,CIS,Emi_CO2_AFO,Mt CO2/yr,2025,-49.60059364021489
SSP2_BaU_NoCC,CIS,Emi_CO2_AFO,Mt CO2/yr,2030,23.273449932069397
SSP2_BaU_NoCC,CIS,Emi_CO2_AFO,Mt CO2/yr,2040,-41.31074503264119
SSP2_BaU_NoCC,CIS,Emi_CO2_AFO,Mt CO2/yr,2050,-44.06451506255697
SSP2_BaU_NoCC,CIS,Emi_CO2_AFO,Mt CO2/yr,2060,-59.85699908606061
SSP2_BaU_NoCC,CIS,Emi_CO2_AFO,Mt CO2/yr,2070,-64.90687143072003
SSP2_BaU_NoCC,CIS,Emi_CO2_AFO,Mt CO2/yr,2080,-62.74322769973577
SSP2_BaU_NoCC,CIS,Emi_CO2_AFO,Mt CO2/yr,2090,-32.51125169348798
SSP2_BaU_NoCC,CIS,Emi_CO2_AFO,Mt CO2/yr,2100,-64.81897593568817
SSP2_BaU_NoCC,XME,Emi_CO2_AFO,Mt CO2/yr,2005,-18.669925183891305
SSP2_BaU_NoCC,XME,Emi_CO2_AFO,Mt CO2/yr,2010,-14.010909915923861
SSP2_BaU_NoCC,XME,Emi_CO2_AFO,Mt CO2/yr,2015,-17.912799993333273
SSP2_BaU_NoCC,XME,Emi_CO2_AFO,Mt CO2/yr,2020,-25.102965678783157
SSP2_BaU_NoCC,XME,Emi_CO2_AFO,Mt CO2/yr,2025,-19.645005766590195
SSP2_BaU_NoCC,XME,Emi_CO2_AFO,Mt CO2/yr,2030,-10.624771014751936
SSP2_BaU_NoCC,XME,Emi_CO2_AFO,Mt CO2/yr,2040,-16.62739204210094
SSP2_BaU_NoCC,XME,Emi_CO2_AFO,Mt CO2/yr,2050,-16.03698097951954
SSP2_BaU_NoCC,XME,Emi_CO2_AFO,Mt CO2/yr,2060,-15.097997325801519
SSP2_BaU_NoCC,XME,Emi_CO2_AFO,Mt CO2/yr,2070,-16.185747262460936
SSP2_BaU_NoCC,XME,Emi_CO2_AFO,Mt CO2/yr,2080,-19.15858862264131
SSP2_BaU_NoCC,XME,Emi_CO2_AFO,Mt CO2/yr,2090,-20.008595318201223
SSP2_BaU_NoCC,XME,Emi_CO2_AFO,Mt CO2/yr,2100,-16.839200215143386
SSP2_BaU_NoCC,XNF,Emi_CO2_AFO,Mt CO2/yr,2005,-13.160731601376376
SSP2_BaU_NoCC,XNF,Emi_CO2_AFO,Mt CO2/yr,2010,-2.6785204570746526
SSP2_BaU_NoCC,XNF,Emi_CO2_AFO,Mt CO2/yr,2015,-5.596958324058752
SSP2_BaU_NoCC,XNF,Emi_CO2_AFO,Mt CO2/yr,2020,-6.12501730978477
SSP2_BaU_NoCC,XNF,Emi_CO2_AFO,Mt CO2/yr,2025,-11.219174311322734
SSP2_BaU_NoCC,XNF,Emi_CO2_AFO,Mt CO2/yr,2030,-4.2164398986679785
SSP2_BaU_NoCC,XNF,Emi_CO2_AFO,Mt CO2/yr,2040,-14.85046997451794
SSP2_BaU_NoCC,XNF,Emi_CO2_AFO,Mt CO2/yr,2050,-3.9565440711464177
SSP2_BaU_NoCC,XNF,Emi_CO2_AFO,Mt CO2/yr,2060,-4.447494847909265
SSP2_BaU_NoCC,XNF,Emi_CO2_AFO,Mt CO2/yr,2070,-5.499369464402275
SSP2_BaU_NoCC,XNF,Emi_CO2_AFO,Mt CO2/yr,2080,-5.9920123916447565
SSP2_BaU_NoCC,XNF,Emi_CO2_AFO,Mt CO2/yr,2090,-9.951786371786387
SSP2_BaU_NoCC,XNF,Emi_CO2_AFO,Mt CO2/yr,2100,-10.699483405978071
SSP2_BaU_NoCC,XAF,Emi_CO2_AFO,Mt CO2/yr,2005,-397.94108266309433
SSP2_BaU_NoCC,XAF,Emi_CO2_AFO,Mt CO2/yr,2010,196.21420528211473
SSP2_BaU_NoCC,XAF,Emi_CO2_AFO,Mt CO2/yr,2015,174.00764157228593
SSP2_BaU_NoCC,XAF,Emi_CO2_AFO,Mt CO2/yr,2020,720.0508374959011
SSP2_BaU_NoCC,XAF,Emi_CO2_AFO,Mt CO2/yr,2025,938.6627527342928
SSP2_BaU_NoCC,XAF,Emi_CO2_AFO,Mt CO2/yr,2030,2285.600079822582
SSP2_BaU_NoCC,XAF,Emi_CO2_AFO,Mt CO2/yr,2040,2000.3162538664847
SSP2_BaU_NoCC,XAF,Emi_CO2_AFO,Mt CO2/yr,2050,986.6028469578482
SSP2_BaU_NoCC,XAF,Emi_CO2_AFO,Mt CO2/yr,2060,723.43176509649
SSP2_BaU_NoCC,XAF,Emi_CO2_AFO,Mt CO2/yr,2070,637.9982206509504
SSP2_BaU_NoCC,XAF,Emi_CO2_AFO,Mt CO2/yr,2080,378.5441604289771
SSP2_BaU_NoCC,XAF,Emi_CO2_AFO,Mt CO2/yr,2090,82.31432070255855
SSP2_BaU_NoCC,XAF,Emi_CO2_AFO,Mt CO2/yr,2100,-60.22830540536569
SSP2_BaU_NoCC,BRA,Emi_CO2_AFO,Mt CO2/yr,2005,-517.774596653927
SSP2_BaU_NoCC,BRA,Emi_CO2_AFO,Mt CO2/yr,2010,-350.74230051802977
SSP2_BaU_NoCC,BRA,Emi_CO2_AFO,Mt CO2/yr,2015,-315.39005880779644
SSP2_BaU_NoCC,BRA,Emi_CO2_AFO,Mt CO2/yr,2020,324.6000962190135
SSP2_BaU_NoCC,BRA,Emi_CO2_AFO,Mt CO2/yr,2025,-127.22311827834756
SSP2_BaU_NoCC,BRA,Emi_CO2_AFO,Mt CO2/yr,2030,582.1290091785062
SSP2_BaU_NoCC,BRA,Emi_CO2_AFO,Mt CO2/yr,2040,248.5916865217385
SSP2_BaU_NoCC,BRA,Emi_CO2_AFO,Mt CO2/yr,2050,-214.19728788066067
SSP2_BaU_NoCC,BRA,Emi_CO2_AFO,Mt CO2/yr,2060,-366.6212104275774
SSP2_BaU_NoCC,BRA,Emi_CO2_AFO,Mt CO2/yr,2070,-536.5277725417957
SSP2_BaU_NoCC,BRA,Emi_CO2_AFO,Mt CO2/yr,2080,-811.6921472948936
SSP2_BaU_NoCC,BRA,Emi_CO2_AFO,Mt CO2/yr,2090,-1149.4061385652753
SSP2_BaU_NoCC,BRA,Emi_CO2_AFO,Mt CO2/yr,2100,-1473.9822992243508
SSP2_BaU_NoCC,CAN,Emi_CO2_AFO,Mt CO2/yr,2005,-38.51557049021816
SSP2_BaU_NoCC,CAN,Emi_CO2_AFO,Mt CO2/yr,2010,130.6554183598957
SSP2_BaU_NoCC,CAN,Emi_CO2_AFO,Mt CO2/yr,2015,46.5693719448586
SSP2_BaU_NoCC,CAN,Emi_CO2_AFO,Mt CO2/yr,2020,51.095242751825815
SSP2_BaU_NoCC,CAN,Emi_CO2_AFO,Mt CO2/yr,2025,-14.333052070945655
SSP2_BaU_NoCC,CAN,Emi_CO2_AFO,Mt CO2/yr,2030,58.069667923451306
SSP2_BaU_NoCC,CAN,Emi_CO2_AFO,Mt CO2/yr,2040,-20.963778909392914
SSP2_BaU_NoCC,CAN,Emi_CO2_AFO,Mt CO2/yr,2050,-6.576912151822135
SSP2_BaU_NoCC,CAN,Emi_CO2_AFO,Mt CO2/yr,2060,-1.3244547191755132
SSP2_BaU_NoCC,CAN,Emi_CO2_AFO,Mt CO2/yr,2070,-14.710607471462605
SSP2_BaU_NoCC,CAN,Emi_CO2_AFO,Mt CO2/yr,2080,-23.558887035903712
SSP2_BaU_NoCC,CAN,Emi_CO2_AFO,Mt CO2/yr,2090,-25.804001242512946
SSP2_BaU_NoCC,CAN,Emi_CO2_AFO,Mt CO2/yr,2100,-27.99473893897867
SSP2_BaU_NoCC,CHN,Emi_CO2_AFO,Mt CO2/yr,2005,-443.77701784695057
SSP2_BaU_NoCC,CHN,Emi_CO2_AFO,Mt CO2/yr,2010,238.19363333497017
SSP2_BaU_NoCC,CHN,Emi_CO2_AFO,Mt CO2/yr,2015,-156.40089610388122
SSP2_BaU_NoCC,CHN,Emi_CO2_AFO,Mt CO2/yr,2020,274.6712155146031
SSP2_BaU_NoCC,CHN,Emi_CO2_AFO,Mt CO2/yr,2025,-461.34096283280206
SSP2_BaU_NoCC,CHN,Emi_CO2_AFO,Mt CO2/yr,2030,504.59412648064756
SSP2_BaU_NoCC,CHN,Emi_CO2_AFO,Mt CO2/yr,2040,-520.9864229562432
SSP2_BaU_NoCC,CHN,Emi_CO2_AFO,Mt CO2/yr,2050,-641.1446024210545
SSP2_BaU_NoCC,CHN,Emi_CO2_AFO,Mt CO2/yr,2060,-693.3593154421354
SSP2_BaU_NoCC,CHN,Emi_CO2_AFO,Mt CO2/yr,2070,-760.8009953240146
SSP2_BaU_NoCC,CHN,Emi_CO2_AFO,Mt CO2/yr,2080,-784.643400497657
SSP2_BaU_NoCC,CHN,Emi_CO2_AFO,Mt CO2/yr,2090,-306.2602945010128
SSP2_BaU_NoCC,CHN,Emi_CO2_AFO,Mt CO2/yr,2100,270.70923926994135
SSP2_BaU_NoCC,IND,Emi_CO2_AFO,Mt CO2/yr,2005,-71.37709455991906
SSP2_BaU_NoCC,IND,Emi_CO2_AFO,Mt CO2/yr,2010,20.872800769454372
SSP2_BaU_NoCC,IND,Emi_CO2_AFO,Mt CO2/yr,2015,40.98924229135454
SSP2_BaU_NoCC,IND,Emi_CO2_AFO,Mt CO2/yr,2020,68.68190170293852
SSP2_BaU_NoCC,IND,Emi_CO2_AFO,Mt CO2/yr,2025,74.43122570121022
SSP2_BaU_NoCC,IND,Emi_CO2_AFO,Mt CO2/yr,2030,141.18548381339502
SSP2_BaU_NoCC,IND,Emi_CO2_AFO,Mt CO2/yr,2040,38.18288607274475
SSP2_BaU_NoCC,IND,Emi_CO2_AFO,Mt CO2/yr,2050,-0.8777480395759767
SSP2_BaU_NoCC,IND,Emi_CO2_AFO,Mt CO2/yr,2060,-1.9028639528087083
SSP2_BaU_NoCC,IND,Emi_CO2_AFO,Mt CO2/yr,2070,-15.856007121838047
SSP2_BaU_NoCC,IND,Emi_CO2_AFO,Mt CO2/yr,2080,-24.509910837439566
SSP2_BaU_NoCC,IND,Emi_CO2_AFO,Mt CO2/yr,2090,-32.58131562969495
SSP2_BaU_NoCC,IND,Emi_CO2_AFO,Mt CO2/yr,2100,-35.005402485936315
SSP2_BaU_NoCC,JPN,Emi_CO2_AFO,Mt CO2/yr,2005,-65.21253689130006
SSP2_BaU_NoCC,JPN,Emi_CO2_AFO,Mt CO2/yr,2010,-64.19919760006412
SSP2_BaU_NoCC,JPN,Emi_CO2_AFO,Mt CO2/yr,2015,-75.98199148537421
SSP2_BaU_NoCC,JPN,Emi_CO2_AFO,Mt CO2/yr,2020,194.07400823909677
SSP2_BaU_NoCC,JPN,Emi_CO2_AFO,Mt CO2/yr,2025,-91.37184198251975
SSP2_BaU_NoCC,JPN,Emi_CO2_AFO,Mt CO2/yr,2030,154.85729293744293
SSP2_BaU_NoCC,JPN,Emi_CO2_AFO,Mt CO2/yr,2040,-61.946995345029656
SSP2_BaU_NoCC,JPN,Emi_CO2_AFO,Mt CO2/yr,2050,-54.66346038949655
SSP2_BaU_NoCC,JPN,Emi_CO2_AFO,Mt CO2/yr,2060,-52.142835510586885
SSP2_BaU_NoCC,JPN,Emi_CO2_AFO,Mt CO2/yr,2070,-50.521951576133596
SSP2_BaU_NoCC,JPN,Emi_CO2_AFO,Mt CO2/yr,2080,-46.380258450881
SSP2_BaU_NoCC,JPN,Emi_CO2_AFO,Mt CO2/yr,2090,-40.965119998767456
SSP2_BaU_NoCC,JPN,Emi_CO2_AFO,Mt CO2/yr,2100,-41.875788842649996
SSP2_BaU_NoCC,TUR,Emi_CO2_AFO,Mt CO2/yr,2005,-6.256123410051192
SSP2_BaU_NoCC,TUR,Emi_CO2_AFO,Mt CO2/yr,2010,6.486165406572846
SSP2_BaU_NoCC,TUR,Emi_CO2_AFO,Mt CO2/yr,2015,-4.463499886164739
SSP2_BaU_NoCC,TUR,Emi_CO2_AFO,Mt CO2/yr,2020,1.055466929499433
SSP2_BaU_NoCC,TUR,Emi_CO2_AFO,Mt CO2/yr,2025,-5.521037190060917
SSP2_BaU_NoCC,TUR,Emi_CO2_AFO,Mt CO2/yr,2030,8.770956653158954
SSP2_BaU_NoCC,TUR,Emi_CO2_AFO,Mt CO2/yr,2040,0.9761916196464178
SSP2_BaU_NoCC,TUR,Emi_CO2_AFO,Mt CO2/yr,2050,-4.200083240492297
SSP2_BaU_NoCC,TUR,Emi_CO2_AFO,Mt CO2/yr,2060,-4.949506486676715
SSP2_BaU_NoCC,TUR,Emi_CO2_AFO,Mt CO2/yr,2070,-5.931084113271945
SSP2_BaU_NoCC,TUR,Emi_CO2_AFO,Mt CO2/yr,2080,-5.790792911712787
SSP2_BaU_NoCC,TUR,Emi_CO2_AFO,Mt CO2/yr,2090,-5.870144933606928
SSP2_BaU_NoCC,TUR,Emi_CO2_AFO,Mt CO2/yr,2100,-5.890113811027879
SSP2_BaU_NoCC,USA,Emi_CO2_AFO,Mt CO2/yr,2005,-151.495199652216
SSP2_BaU_NoCC,USA,Emi_CO2_AFO,Mt CO2/yr,2010,-127.1856727319581
SSP2_BaU_NoCC,USA,Emi_CO2_AFO,Mt CO2/yr,2015,-152.7554335539923
SSP2_BaU_NoCC,USA,Emi_CO2_AFO,Mt CO2/yr,2020,398.0670642663771
SSP2_BaU_NoCC,USA,Emi_CO2_AFO,Mt CO2/yr,2025,-150.38341574674274
SSP2_BaU_NoCC,USA,Emi_CO2_AFO,Mt CO2/yr,2030,291.3584285957006
SSP2_BaU_NoCC,USA,Emi_CO2_AFO,Mt CO2/yr,2040,-41.03563700604272
SSP2_BaU_NoCC,USA,Emi_CO2_AFO,Mt CO2/yr,2050,-32.30073351760643
SSP2_BaU_NoCC,USA,Emi_CO2_AFO,Mt CO2/yr,2060,-13.34507801453077
SSP2_BaU_NoCC,USA,Emi_CO2_AFO,Mt CO2/yr,2070,15.871945028286717
SSP2_BaU_NoCC,USA,Emi_CO2_AFO,Mt CO2/yr,2080,-23.680356870104987
SSP2_BaU_NoCC,USA,Emi_CO2_AFO,Mt CO2/yr,2090,-75.59292058502338
SSP2_BaU_NoCC,USA,Emi_CO2_AFO,Mt CO2/yr,2100,-113.83820057252544
SSP2_BaU_NoCC,R5OECD90+EU,Emi_CO2_AFO,Mt CO2/yr,2005,-626.3226525692307
SSP2_BaU_NoCC,R5OECD90+EU,Emi_CO2_AFO,Mt CO2/yr,2010,-259.72271640591384
SSP2_BaU_NoCC,R5OECD90+EU,Emi_CO2_AFO,Mt CO2/yr,2015,-242.78012530854767
SSP2_BaU_NoCC,R5OECD90+EU,Emi_CO2_AFO,Mt CO2/yr,2020,1188.2614766883514
SSP2_BaU_NoCC,R5OECD90+EU,Emi_CO2_AFO,Mt CO2/yr,2025,-378.454533616436
SSP2_BaU_NoCC,R5OECD90+EU,Emi_CO2_AFO,Mt CO2/yr,2030,1200.1691374949414
SSP2_BaU_NoCC,R5OECD90+EU,Emi_CO2_AFO,Mt CO2/yr,2040,-328.80895077579265
SSP2_BaU_NoCC,R5OECD90+EU,Emi_CO2_AFO,Mt CO2/yr,2050,-400.73636785222664
SSP2_BaU_NoCC,R5OECD90+EU,Emi_CO2_AFO,Mt CO2/yr,2060,-382.0460333972911
SSP2_BaU_NoCC,R5OECD90+EU,Emi_CO2_AFO,Mt CO2/yr,2070,-336.27077823459103
SSP2_BaU_NoCC,R5OECD90+EU,Emi_CO2_AFO,Mt CO2/yr,2080,-334.28321827031664
SSP2_BaU_NoCC,R5OECD90+EU,Emi_CO2_AFO,Mt CO2/yr,2090,-385.70759212888265
SSP2_BaU_NoCC,R5OECD90+EU,Emi_CO2_AFO,Mt CO2/yr,2100,-496.6881180471189
SSP2_BaU_NoCC,R5REF,Emi_CO2_AFO,Mt CO2/yr,2005,-77.56422920374762
SSP2_BaU_NoCC,R5REF,Emi_CO2_AFO,Mt CO2/yr,2010,77.29126292064146
SSP2_BaU_NoCC,R5REF,Emi_CO2_AFO,Mt CO2/yr,2015,49.12983697899992
SSP2_BaU_NoCC,R5REF,Emi_CO2_AFO,Mt CO2/yr,2020,-8.375425714055623
SSP2_BaU_NoCC,R5REF,Emi_CO2_AFO,Mt CO2/yr,2025,-49.60059364021489
SSP2_BaU_NoCC,R5REF,Emi_CO2_AFO,Mt CO2/yr,2030,23.273449932069397
SSP2_BaU_NoCC,R5REF,Emi_CO2_AFO,Mt CO2/yr,2040,-41.31074503264119
SSP2_BaU_NoCC,R5REF,Emi_CO2_AFO,Mt CO2/yr,2050,-44.06451506255697
SSP2_BaU_NoCC,R5REF,Emi_CO2_AFO,Mt CO2/yr,2060,-59.85699908606061
SSP2_BaU_NoCC,R5REF,Emi_CO2_AFO,Mt CO2/yr,2070,-64.90687143072003
SSP2_BaU_NoCC,R5REF,Emi_CO2_AFO,Mt CO2/yr,2080,-62.74322769973577
SSP2_BaU_NoCC,R5REF,Emi_CO2_AFO,Mt CO2/yr,2090,-32.51125169348798
SSP2_BaU_NoCC,R5REF,Emi_CO2_AFO,Mt CO2/yr,2100,-64.81897593568817
SSP2_BaU_NoCC,R5ASIA,Emi_CO2_AFO,Mt CO2/yr,2005,-1136.860855602556
SSP2_BaU_NoCC,R5ASIA,Emi_CO2_AFO,Mt CO2/yr,2010,634.0160797984051
SSP2_BaU_NoCC,R5ASIA,Emi_CO2_AFO,Mt CO2/yr,2015,73.90516327954015
SSP2_BaU_NoCC,R5ASIA,Emi_CO2_AFO,Mt CO2/yr,2020,482.1854918068568
SSP2_BaU_NoCC,R5ASIA,Emi_CO2_AFO,Mt CO2/yr,2025,-857.6004756047477
SSP2_BaU_NoCC,R5ASIA,Emi_CO2_AFO,Mt CO2/yr,2030,849.6733966626434
SSP2_BaU_NoCC,R5ASIA,Emi_CO2_AFO,Mt CO2/yr,2040,-845.4588176313918
SSP2_BaU_NoCC,R5ASIA,Emi_CO2_AFO,Mt CO2/yr,2050,-1122.5455982475296
SSP2_BaU_NoCC,R5ASIA,Emi_CO2_AFO,Mt CO2/yr,2060,-1153.4474809683754
SSP2_BaU_NoCC,R5ASIA,Emi_CO2_AFO,Mt CO2/yr,2070,-1253.2035718324892
SSP2_BaU_NoCC,R5ASIA,Emi_CO2_AFO,Mt CO2/yr,2080,-1210.0644942723025
SSP2_BaU_NoCC,R5ASIA,Emi_CO2_AFO,Mt CO2/yr,2090,-764.9029400638353
SSP2_BaU_NoCC,R5ASIA,Emi_CO2_AFO,Mt CO2/yr,2100,-215.79802773021356
SSP2_BaU_NoCC,R5MAF,Emi_CO2_AFO,Mt CO2/yr,2005,-429.77173944836204
SSP2_BaU_NoCC,R5MAF,Emi_CO2_AFO,Mt CO2/yr,2010,179.52477490911622
SSP2_BaU_NoCC,R5MAF,Emi_CO2_AFO,Mt CO2/yr,2015,150.4978832548939
SSP2_BaU_NoCC,R5MAF,Emi_CO2_AFO,Mt CO2/yr,2020,688.8228545073333
SSP2_BaU_NoCC,R5MAF,Emi_CO2_AFO,Mt CO2/yr,2025,907.79857265638
SSP2_BaU_NoCC,R5MAF,Emi_CO2_AFO,Mt CO2/yr,2030,2270.7588689091617
SSP2_BaU_NoCC,R5MAF,Emi_CO2_AFO,Mt CO2/yr,2040,1968.8383918498657
SSP2_BaU_NoCC,R5MAF,Emi_CO2_AFO,Mt CO2/yr,2050,966.6093219071822
SSP2_BaU_NoCC,R5MAF,Emi_CO2_AFO,Mt CO2/yr,2060,703.8862729227793
SSP2_BaU_NoCC,R5MAF,Emi_CO2_AFO,Mt CO2/yr,2070,616.3131039240873
SSP2_BaU_NoCC,R5MAF,Emi_CO2_AFO,Mt CO2/yr,2080,353.39355941469097
SSP2_BaU_NoCC,R5MAF,Emi_CO2_AFO,Mt CO2/yr,2090,52.35393901257095
SSP2_BaU_NoCC,R5MAF,Emi_CO2_AFO,Mt CO2/yr,2100,-87.76698902648715
SSP2_BaU_NoCC,R5LAM,Emi_CO2_AFO,Mt CO2/yr,2005,-877.9491306036743
SSP2_BaU_NoCC,R5LAM,Emi_CO2_AFO,Mt CO2/yr,2010,-395.4615618113828
SSP2_BaU_NoCC,R5LAM,Emi_CO2_AFO,Mt CO2/yr,2015,-401.42639942095616
SSP2_BaU_NoCC,R5LAM,Emi_CO2_AFO,Mt CO2/yr,2020,857.9868069743495
SSP2_BaU_NoCC,R5LAM,Emi_CO2_AFO,Mt CO2/yr,2025,-195.06799392864752
SSP2_BaU_NoCC,R5LAM,Emi_CO2_AFO,Mt CO2/yr,2030,1144.9039174541404
SSP2_BaU_NoCC,R5LAM,Emi_CO2_AFO,Mt CO2/yr,2040,323.67231562078075
SSP2_BaU_NoCC,R5LAM,Emi_CO2_AFO,Mt CO2/yr,2050,-389.3505823555622
SSP2_BaU_NoCC,R5LAM,Emi_CO2_AFO,Mt CO2/yr,2060,-613.162963012763
SSP2_BaU_NoCC,R5LAM,Emi_CO2_AFO,Mt CO2/yr,2070,-799.6822494595365
SSP2_BaU_NoCC,R5LAM,Emi_CO2_AFO,Mt CO2/yr,2080,-1079.9265520489462
SSP2_BaU_NoCC,R5LAM,Emi_CO2_AFO,Mt CO2/yr,2090,-1439.3930448042888
SSP2_BaU_NoCC,R5LAM,Emi_CO2_AFO,Mt CO2/yr,2100,-1835.5909908330318
SSP2_BaU_NoCC,R10REST_ASIA,Emi_CO2_AFO,Mt CO2/yr,2005,-621.7067431956866
SSP2_BaU_NoCC,R10REST_ASIA,Emi_CO2_AFO,Mt CO2/yr,2010,374.9496456939804
SSP2_BaU_NoCC,R10REST_ASIA,Emi_CO2_AFO,Mt CO2/yr,2015,189.31681709206669
SSP2_BaU_NoCC,R10REST_ASIA,Emi_CO2_AFO,Mt CO2/yr,2020,138.83237458931512
SSP2_BaU_NoCC,R10REST_ASIA,Emi_CO2_AFO,Mt CO2/yr,2025,-470.6907384731558
SSP2_BaU_NoCC,R10REST_ASIA,Emi_CO2_AFO,Mt CO2/yr,2030,203.8937863686008
SSP2_BaU_NoCC,R10REST_ASIA,Emi_CO2_AFO,Mt CO2/yr,2040,-362.65528074789324
SSP2_BaU_NoCC,R10REST_ASIA,Emi_CO2_AFO,Mt CO2/yr,2050,-480.5232477868991
SSP2_BaU_NoCC,R10REST_ASIA,Emi_CO2_AFO,Mt CO2/yr,2060,-458.1853015734314
SSP2_BaU_NoCC,R10REST_ASIA,Emi_CO2_AFO,Mt CO2/yr,2070,-476.5465693866366
SSP2_BaU_NoCC,R10REST_ASIA,Emi_CO2_AFO,Mt CO2/yr,2080,-400.9111829372059
SSP2_BaU_NoCC,R10REST_ASIA,Emi_CO2_AFO,Mt CO2/yr,2090,-426.0613299331276
SSP2_BaU_NoCC,R10REST_ASIA,Emi_CO2_AFO,Mt CO2/yr,2100,-451.50186451421865
SSP2_BaU_NoCC,R10REF_ECON,Emi_CO2_AFO,Mt CO2/yr,2005,-77.56422920374762
SSP2_BaU_NoCC,R10REF_ECON,Emi_CO2_AFO,Mt CO2/yr,2010,77.29126292064146
SSP2_BaU_NoCC,R10REF_ECON,Emi_CO2_AFO,Mt CO2/yr,2015,49.12983697899992
SSP2_BaU_NoCC,R10REF_ECON,Emi_CO2_AFO,Mt CO2/yr,2020,-8.375425714055623
SSP2_BaU_NoCC,R10REF_ECON,Emi_CO2_AFO,Mt CO2/yr,2025,-49.60059364021489
SSP2_BaU_NoCC,R10REF_ECON,Emi_CO2_AFO,Mt CO2/yr,2030,23.273449932069397
SSP2_BaU_NoCC,R10REF_ECON,Emi_CO2_AFO,Mt CO2/yr,2040,-41.31074503264119
SSP2_BaU_NoCC,R10REF_ECON,Emi_CO2_AFO,Mt CO2/yr,2050,-44.06451506255697
SSP2_BaU_NoCC,R10REF_ECON,Emi_CO2_AFO,Mt CO2/yr,2060,-59.85699908606061
SSP2_BaU_NoCC,R10REF_ECON,Emi_CO2_AFO,Mt CO2/yr,2070,-64.90687143072003
SSP2_BaU_NoCC,R10REF_ECON,Emi_CO2_AFO,Mt CO2/yr,2080,-62.74322769973577
SSP2_BaU_NoCC,R10REF_ECON,Emi_CO2_AFO,Mt CO2/yr,2090,-32.51125169348798
SSP2_BaU_NoCC,R10REF_ECON,Emi_CO2_AFO,Mt CO2/yr,2100,-64.81897593568817
SSP2_BaU_NoCC,R10PAC_OECD,Emi_CO2_AFO,Mt CO2/yr,2005,-92.69311630241762
SSP2_BaU_NoCC,R10PAC_OECD,Emi_CO2_AFO,Mt CO2/yr,2010,-62.66980223435847
SSP2_BaU_NoCC,R10PAC_OECD,Emi_CO2_AFO,Mt CO2/yr,2015,25.318637101601666
SSP2_BaU_NoCC,R10PAC_OECD,Emi_CO2_AFO,Mt CO2/yr,2020,461.51358027320987
SSP2_BaU_NoCC,R10PAC_OECD,Emi_CO2_AFO,Mt CO2/yr,2025,197.07609950679904
SSP2_BaU_NoCC,R10PAC_OECD,Emi_CO2_AFO,Mt CO2/yr,2030,574.705360782521
SSP2_BaU_NoCC,R10PAC_OECD,Emi_CO2_AFO,Mt CO2/yr,2040,85.3708366945342
SSP2_BaU_NoCC,R10PAC_OECD,Emi_CO2_AFO,Mt CO2/yr,2050,-0.053389036508718846
SSP2_BaU_NoCC,R10PAC_OECD,Emi_CO2_AFO,Mt CO2/yr,2060,-8.956892753819048
SSP2_BaU_NoCC,R10PAC_OECD,Emi_CO2_AFO,Mt CO2/yr,2070,40.196110187581496
SSP2_BaU_NoCC,R10PAC_OECD,Emi_CO2_AFO,Mt CO2/yr,2080,85.67289043698042
SSP2_BaU_NoCC,R10PAC_OECD,Emi_CO2_AFO,Mt CO2/yr,2090,87.59101211504262
SSP2_BaU_NoCC,R10PAC_OECD,Emi_CO2_AFO,Mt CO2/yr,2100,12.325962428916583
SSP2_BaU_NoCC,R10NORTH_AM,Emi_CO2_AFO,Mt CO2/yr,2005,-190.01077014243415
SSP2_BaU_NoCC,R10NORTH_AM,Emi_CO2_AFO,Mt CO2/yr,2010,3.4697456279375842
SSP2_BaU_NoCC,R10NORTH_AM,Emi_CO2_AFO,Mt CO2/yr,2015,-106.1860616091337
SSP2_BaU_NoCC,R10NORTH_AM,Emi_CO2_AFO,Mt CO2/yr,2020,449.16230701820285
SSP2_BaU_NoCC,R10NORTH_AM,Emi_CO2_AFO,Mt CO2/yr,2025,-164.7164678176884
SSP2_BaU_NoCC,R10NORTH_AM,Emi_CO2_AFO,Mt CO2/yr,2030,349.42809651915195
SSP2_BaU_NoCC,R10NORTH_AM,Emi_CO2_AFO,Mt CO2/yr,2040,-61.999415915435634
SSP2_BaU_NoCC,R10NORTH_AM,Emi_CO2_AFO,Mt CO2/yr,2050,-38.877645669428574
SSP2_BaU_NoCC,R10NORTH_AM,Emi_CO2_AFO,Mt CO2/yr,2060,-14.66953273370629
SSP2_BaU_NoCC,R10NORTH_AM,Emi_CO2_AFO,Mt CO2/yr,2070,1.161337556824094
SSP2_BaU_NoCC,R10NORTH_AM,Emi_CO2_AFO,Mt CO2/yr,2080,-47.23924390600871
SSP2_BaU_NoCC,R10NORTH_AM,Emi_CO2_AFO,Mt CO2/yr,2090,-101.39692182753632
SSP2_BaU_NoCC,R10NORTH_AM,Emi_CO2_AFO,Mt CO2/yr,2100,-141.83293951150412
SSP2_BaU_NoCC,R10MIDDLE_EAST,Emi_CO2_AFO,Mt CO2/yr,2005,-18.669925183891305
SSP2_BaU_NoCC,R10MIDDLE_EAST,Emi_CO2_AFO,Mt CO2/yr,2010,-14.010909915923861
SSP2_BaU_NoCC,R10MIDDLE_EAST,Emi_CO2_AFO,Mt CO2/yr,2015,-17.912799993333273
SSP2_BaU_NoCC,R10MIDDLE_EAST,Emi_CO2_AFO,Mt CO2/yr,2020,-25.102965678783157
SSP2_BaU_NoCC,R10MIDDLE_EAST,Emi_CO2_AFO,Mt CO2/yr,2025,-19.645005766590195
SSP2_BaU_NoCC,R10MIDDLE_EAST,Emi_CO2_AFO,Mt CO2/yr,2030,-10.624771014751936
SSP2_BaU_NoCC,R10MIDDLE_EAST,Emi_CO2_AFO,Mt CO2/yr,2040,-16.62739204210094
SSP2_BaU_NoCC,R10MIDDLE_EAST,Emi_CO2_AFO,Mt CO2/yr,2050,-16.03698097951954
SSP2_BaU_NoCC,R10MIDDLE_EAST,Emi_CO2_AFO,Mt CO2/yr,2060,-15.097997325801519
SSP2_BaU_NoCC,R10MIDDLE_EAST,Emi_CO2_AFO,Mt CO2/yr,2070,-16.185747262460936
SSP2_BaU_NoCC,R10MIDDLE_EAST,Emi_CO2_AFO,Mt CO2/yr,2080,-19.15858862264131
SSP2_BaU_NoCC,R10MIDDLE_EAST,Emi_CO2_AFO,Mt CO2/yr,2090,-20.008595318201223
SSP2_BaU_NoCC,R10MIDDLE_EAST,Emi_CO2_AFO,Mt CO2/yr,2100,-16.839200215143386
SSP2_BaU_NoCC,R10LATIN_AM,Emi_CO2_AFO,Mt CO2/yr,2005,-877.9491306036743
SSP2_BaU_NoCC,R10LATIN_AM,Emi_CO2_AFO,Mt CO2/yr,2010,-395.4615618113828
SSP2_BaU_NoCC,R10LATIN_AM,Emi_CO2_AFO,Mt CO2/yr,2015,-401.42639942095616
SSP2_BaU_NoCC,R10LATIN_AM,Emi_CO2_AFO,Mt CO2/yr,2020,857.9868069743495
SSP2_BaU_NoCC,R10LATIN_AM,Emi_CO2_AFO,Mt CO2/yr,2025,-195.06799392864752
SSP2_BaU_NoCC,R10LATIN_AM,Emi_CO2_AFO,Mt CO2/yr,2030,1144.9039174541404
SSP2_BaU_NoCC,R10LATIN_AM,Emi_CO2_AFO,Mt CO2/yr,2040,323.67231562078075
SSP2_BaU_NoCC,R10LATIN_AM,Emi_CO2_AFO,Mt CO2/yr,2050,-389.3505823555622
SSP2_BaU_NoCC,R10LATIN_AM,Emi_CO2_AFO,Mt CO2/yr,2060,-613.162963012763
SSP2_BaU_NoCC,R10LATIN_AM,Emi_CO2_AFO,Mt CO2/yr,2070,-799.6822494595365
SSP2_BaU_NoCC,R10LATIN_AM,Emi_CO2_AFO,Mt CO2/yr,2080,-1079.9265520489462
SSP2_BaU_NoCC,R10LATIN_AM,Emi_CO2_AFO,Mt CO2/yr,2090,-1439.3930448042888
SSP2_BaU_NoCC,R10LATIN_AM,Emi_CO2_AFO,Mt CO2/yr,2100,-1835.5909908330318
SSP2_BaU_NoCC,R10INDIA+,Emi_CO2_AFO,Mt CO2/yr,2005,-71.37709455991906
SSP2_BaU_NoCC,R10INDIA+,Emi_CO2_AFO,Mt CO2/yr,2010,20.872800769454372
SSP2_BaU_NoCC,R10INDIA+,Emi_CO2_AFO,Mt CO2/yr,2015,40.98924229135454
SSP2_BaU_NoCC,R10INDIA+,Emi_CO2_AFO,Mt CO2/yr,2020,68.68190170293852
SSP2_BaU_NoCC,R10INDIA+,Emi_CO2_AFO,Mt CO2/yr,2025,74.43122570121022
SSP2_BaU_NoCC,R10INDIA+,Emi_CO2_AFO,Mt CO2/yr,2030,141.18548381339502
SSP2_BaU_NoCC,R10INDIA+,Emi_CO2_AFO,Mt CO2/yr,2040,38.18288607274475
SSP2_BaU_NoCC,R10INDIA+,Emi_CO2_AFO,Mt CO2/yr,2050,-0.8777480395759767
SSP2_BaU_NoCC,R10INDIA+,Emi_CO2_AFO,Mt CO2/yr,2060,-1.9028639528087083
SSP2_BaU_NoCC,R10INDIA+,Emi_CO2_AFO,Mt CO2/yr,2070,-15.856007121838047
SSP2_BaU_NoCC,R10INDIA+,Emi_CO2_AFO,Mt CO2/yr,2080,-24.509910837439566
SSP2_BaU_NoCC,R10INDIA+,Emi_CO2_AFO,Mt CO2/yr,2090,-32.58131562969495
SSP2_BaU_NoCC,R10INDIA+,Emi_CO2_AFO,Mt CO2/yr,2100,-35.005402485936315
SSP2_BaU_NoCC,R10EUROPE,Emi_CO2_AFO,Mt CO2/yr,2005,-343.61876612437896
SSP2_BaU_NoCC,R10EUROPE,Emi_CO2_AFO,Mt CO2/yr,2010,-200.52265979949294
SSP2_BaU_NoCC,R10EUROPE,Emi_CO2_AFO,Mt CO2/yr,2015,-161.91270080101572
SSP2_BaU_NoCC,R10EUROPE,Emi_CO2_AFO,Mt CO2/yr,2020,277.5855893969387
SSP2_BaU_NoCC,R10EUROPE,Emi_CO2_AFO,Mt CO2/yr,2025,-410.8141653055466
SSP2_BaU_NoCC,R10EUROPE,Emi_CO2_AFO,Mt CO2/yr,2030,276.0356801932683
SSP2_BaU_NoCC,R10EUROPE,Emi_CO2_AFO,Mt CO2/yr,2040,-352.1803715548913
SSP2_BaU_NoCC,R10EUROPE,Emi_CO2_AFO,Mt CO2/yr,2050,-361.80533314628934
SSP2_BaU_NoCC,R10EUROPE,Emi_CO2_AFO,Mt CO2/yr,2060,-358.4196079097659
SSP2_BaU_NoCC,R10EUROPE,Emi_CO2_AFO,Mt CO2/yr,2070,-377.6282259789966
SSP2_BaU_NoCC,R10EUROPE,Emi_CO2_AFO,Mt CO2/yr,2080,-372.71686480128835
SSP2_BaU_NoCC,R10EUROPE,Emi_CO2_AFO,Mt CO2/yr,2090,-371.90168241638906
SSP2_BaU_NoCC,R10EUROPE,Emi_CO2_AFO,Mt CO2/yr,2100,-367.1811409645313
SSP2_BaU_NoCC,R10CHINA+,Emi_CO2_AFO,Mt CO2/yr,2005,-443.77701784695057
SSP2_BaU_NoCC,R10CHINA+,Emi_CO2_AFO,Mt CO2/yr,2010,238.19363333497017
SSP2_BaU_NoCC,R10CHINA+,Emi_CO2_AFO,Mt CO2/yr,2015,-156.40089610388122
SSP2_BaU_NoCC,R10CHINA+,Emi_CO2_AFO,Mt CO2/yr,2020,274.6712155146031
SSP2_BaU_NoCC,R10CHINA+,Emi_CO2_AFO,Mt CO2/yr,2025,-461.34096283280206
SSP2_BaU_NoCC,R10CHINA+,Emi_CO2_AFO,Mt CO2/yr,2030,504.59412648064756
SSP2_BaU_NoCC,R10CHINA+,Emi_CO2_AFO,Mt CO2/yr,2040,-520.9864229562432
SSP2_BaU_NoCC,R10CHINA+,Emi_CO2_AFO,Mt CO2/yr,2050,-641.1446024210545
SSP2_BaU_NoCC,R10CHINA+,Emi_CO2_AFO,Mt CO2/yr,2060,-693.3593154421354
SSP2_BaU_NoCC,R10CHINA+,Emi_CO2_AFO,Mt CO2/yr,2070,-760.8009953240146
SSP2_BaU_NoCC,R10CHINA+,Emi_CO2_AFO,Mt CO2/yr,2080,-784.643400497657
SSP2_BaU_NoCC,R10CHINA+,Emi_CO2_AFO,Mt CO2/yr,2090,-306.2602945010128
SSP2_BaU_NoCC,R10CHINA+,Emi_CO2_AFO,Mt CO2/yr,2100,270.70923926994135
SSP2_BaU_NoCC,R10AFRICA,Emi_CO2_AFO,Mt CO2/yr,2005,-411.1018142644707
SSP2_BaU_NoCC,R10AFRICA,Emi_CO2_AFO,Mt CO2/yr,2010,193.53568482504005
SSP2_BaU_NoCC,R10AFRICA,Emi_CO2_AFO,Mt CO2/yr,2015,168.41068324822714
SSP2_BaU_NoCC,R10AFRICA,Emi_CO2_AFO,Mt CO2/yr,2020,713.9258201861164
SSP2_BaU_NoCC,R10AFRICA,Emi_CO2_AFO,Mt CO2/yr,2025,927.4435784229702
SSP2_BaU_NoCC,R10AFRICA,Emi_CO2_AFO,Mt CO2/yr,2030,2281.3836399239135
SSP2_BaU_NoCC,R10AFRICA,Emi_CO2_AFO,Mt CO2/yr,2040,1985.4657838919668
SSP2_BaU_NoCC,R10AFRICA,Emi_CO2_AFO,Mt CO2/yr,2050,982.6463028867017
SSP2_BaU_NoCC,R10AFRICA,Emi_CO2_AFO,Mt CO2/yr,2060,718.9842702485807
SSP2_BaU_NoCC,R10AFRICA,Emi_CO2_AFO,Mt CO2/yr,2070,632.4988511865481
SSP2_BaU_NoCC,R10AFRICA,Emi_CO2_AFO,Mt CO2/yr,2080,372.55214803733236
SSP2_BaU_NoCC,R10AFRICA,Emi_CO2_AFO,Mt CO2/yr,2090,72.36253433077218
SSP2_BaU_NoCC,R10AFRICA,Emi_CO2_AFO,Mt CO2/yr,2100,-70.92778881134376
SSP2_BaU_NoCC,World,Emi_CO2_AFO,Mt CO2/yr,2005,-3148.468607427571
SSP2_BaU_NoCC,World,Emi_CO2_AFO,Mt CO2/yr,2010,235.6478394108667
SSP2_BaU_NoCC,World,Emi_CO2_AFO,Mt CO2/yr,2015,-370.6736412160699
SSP2_BaU_NoCC,World,Emi_CO2_AFO,Mt CO2/yr,2020,3208.8812042628347
SSP2_BaU_NoCC,World,Emi_CO2_AFO,Mt CO2/yr,2025,-572.9250241336663
SSP2_BaU_NoCC,World,Emi_CO2_AFO,Mt CO2/yr,2030,5488.778770452958
SSP2_BaU_NoCC,World,Emi_CO2_AFO,Mt CO2/yr,2040,1076.9321940308205
SSP2_BaU_NoCC,World,Emi_CO2_AFO,Mt CO2/yr,2050,-990.0877416106928
SSP2_BaU_NoCC,World,Emi_CO2_AFO,Mt CO2/yr,2060,-1504.6272035417112
SSP2_BaU_NoCC,World,Emi_CO2_AFO,Mt CO2/yr,2070,-1837.750367033249
SSP2_BaU_NoCC,World,Emi_CO2_AFO,Mt CO2/yr,2080,-2333.6239328766105
SSP2_BaU_NoCC,World,Emi_CO2_AFO,Mt CO2/yr,2090,-2570.1608896779226
SSP2_BaU_NoCC,World,Emi_CO2_AFO,Mt CO2/yr,2100,-2700.6631015725397
